{
  "current-scene": "f011cbd2-8913-426e-b1b6-82e591c123e1",
  "gizmos-infos": {
    "gridColor": [
      150,
      150,
      150,
      255
    ],
    "gridVisible": true,
    "iconGizmoSize": 2,
    "iconSize": 2,
    "is2D": false,
    "is3DIcon": false,
    "isGridVisible": true,
    "isIconGizmo3D": false
  },
  "camera-infos": {
    "027d619b-7179-4122-99eb-5cc9dfed7b67": {
      "position": {
        "x": 480.0000000000001,
        "y": 320,
        "z": 1000
      },
      "rotation": {
        "w": 1,
        "x": 0,
        "y": 0,
        "z": 0
      },
      "viewCenter": {
        "x": 480,
        "y": 320,
        "z": 1
      }
    },
    "a695cf6a-cc7a-46b8-8eb2-507bad11de76": {
      "position": {
        "x": 2384.3031117809837,
        "y": 651.8713428545559,
        "z": 871.6053912193936
      },
      "rotation": {
        "w": 0.8387665823692718,
        "x": -0.06605830333965816,
        "y": 0.5388007721632567,
        "z": 0.04243405208951538
      },
      "viewCenter": {
        "x": 480,
        "y": 320,
        "z": 1
      }
    },
    "f011cbd2-8913-426e-b1b6-82e591c123e1": {
      "position": {
        "x": 480,
        "y": 320,
        "z": 999.9999999999999
      },
      "rotation": {
        "w": 1,
        "x": 0,
        "y": 0,
        "z": 0
      },
      "viewCenter": {
        "x": 480,
        "y": 320,
        "z": 1
      }
    },
    "f46876e4-e81b-4931-b493-6d367be385e7": {
      "position": {
        "x": 480.00000000000006,
        "y": 320,
        "z": 1000
      },
      "rotation": {
        "w": 1,
        "x": 0,
        "y": 0,
        "z": 0
      },
      "viewCenter": {
        "x": 0,
        "y": 0,
        "z": 0
      }
    }
  },
  "camera-uuids": [
    "a695cf6a-cc7a-46b8-8eb2-507bad11de76"
  ],
  "float-window": {
    "position": {
      "cc": {
        "Camera": {
          "bottom": 10,
          "dock": false,
          "left": null,
          "right": 10,
          "top": null
        }
      }
    }
  },
  "__version__": "1.0.0"
}
