{
  "__version__": "1.0.0",
  "current-scene": "8eb8b8e6-64ee-4b1f-b229-87c6777b0dff",
  "gizmos-infos": {
    "gridColor": [
      150,
      150,
      150,
      255
    ],
    "gridVisible": true,
    "iconGizmoSize": 2,
    "iconSize": 2,
    "is2D": true,
    "is3DIcon": false,
    "isGridVisible": true,
    "isIconGizmo3D": false
  },
  "camera-infos": {
    "09ce0bb6-a1e4-4576-b6fb-e9c2e3f72851": {
      "position": {
        "x": -2.1058677148567457,
        "y": 11.257630691726618,
        "z": 17.36503723351797
      },
      "rotation": {
        "w": 0.9673068720899818,
        "x": -0.2417103899303235,
        "y": -0.07447912349174053,
        "z": -0.01861082403142763
      },
      "viewCenter": {
        "x": 0,
        "y": 3.925,
        "z": 3.771
      }
    },
    "76931d54-40be-4d2b-a42d-477cc55afad9": {
      "position": {
        "x": -2.8112198644050475,
        "y": 379.2094989312192,
        "z": 78.30382728968566
      },
      "rotation": {
        "w": 0.7752302234671312,
        "x": -0.6314239332656847,
        "y": -0.01391145800587098,
        "z": -0.011330863097986381
      },
      "viewCenter": {
        "x": 0,
        "y": 0,
        "z": 0
      }
    },
    "7e9c4e92-5b94-4e8c-9cf6-a15fcc4e6ab0": {
      "position": {
        "x": 11776.324786324785,
        "y": 320.0000000000018,
        "z": 1000
      },
      "rotation": {
        "w": 1,
        "x": 0,
        "y": 0,
        "z": 0
      },
      "viewCenter": {
        "x": 0,
        "y": 0,
        "z": 0
      }
    },
    "8eb8b8e6-64ee-4b1f-b229-87c6777b0dff": {
      "position": {
        "x": -3.4457636995903105,
        "y": 16.183031798038844,
        "z": 16.26633222552456
      },
      "rotation": {
        "w": 0.9269824672892143,
        "x": -0.3124419090545714,
        "y": -0.196693630654984,
        "z": -0.06629611198627362
      },
      "viewCenter": {
        "x": 3.976,
        "y": 2.284,
        "z": -0.435
      }
    },
    "aaba56f5-d711-4a38-9357-c845ceb4b63c": {
      "position": {
        "x": 850,
        "y": 375,
        "z": 1000
      },
      "rotation": {
        "w": 1,
        "x": 0,
        "y": 0,
        "z": 0
      },
      "viewCenter": {
        "x": 0,
        "y": 0,
        "z": 0
      }
    },
    "ce2497f9-2f4f-4653-9145-6fd844f045b1": {
      "position": {
        "x": 6983.837701792565,
        "y": -1254.6133383287274,
        "z": 1000
      },
      "rotation": {
        "w": 1,
        "x": 0,
        "y": 0,
        "z": 0
      },
      "viewCenter": {
        "x": 0,
        "y": 0,
        "z": 0
      }
    },
    "f46876e4-e81b-4931-b493-6d367be385e7": {
      "position": {
        "x": 850,
        "y": 375,
        "z": 1000
      },
      "rotation": {
        "w": 1,
        "x": 0,
        "y": 0,
        "z": 0
      },
      "viewCenter": {
        "x": 0,
        "y": 0,
        "z": 0
      }
    }
  },
  "camera-uuids": [
    "09ce0bb6-a1e4-4576-b6fb-e9c2e3f72851"
  ],
  "float-window": {
    "position": {
      "cc": {
        "Camera": {
          "bottom": 10,
          "dock": false,
          "left": null,
          "right": 10,
          "top": null
        }
      }
    }
  }
}
